25,"Barcelona",2,1,"4,3,4,2","1,1,1,1",
5,"Napoli",1,1,"4,3,4,2","4,3,4,2",
6,"Juventus",1,1,"4,3,4,2","4,3,4,2",
7,"Inter",1,1,"5,6,6,3","5,6,6,3",
8,"Lazio",1,1,"8,6,8,0","8,6,8,0",
9,"Roma",1,1,"6,7,6,3","6,7,6,3",
10,"Sampdoria",1,1,"11,10,11,2","11,10,11,2",
11,"Atalanta",1,1,"0,0,0,0","1,1,1,1",
12,"Fiorentina",1,1,"0,0,0,0","1,1,1,1",
13,"Udinese",1,1,"0,0,0,0","1,1,1,1",
14,"Torino",1,1,"0,0,0,0","1,1,1,1",
15,"Milan",1,1,"1,3,1,2","0,0,3,1",
16,"Bologna",1,1,"3,9,0,2","0,3,9,1",
17,"ChievoVerona",1,1,"0,0,0,0","1,1,1,1",
18,"Genoa",1,1,"0,0,0,0","1,1,1,1",
19,"Sassuolo",1,1,"0,0,0,0","1,1,1,1",
20,"Cagliari",1,1,"0,0,0,0","1,1,1,1",
21,"SPAL",1,1,"0,0,0,0","1,1,1,1",
22,"Crotone",1,1,"0,0,0,0","1,1,1,1",
23,"Verona",1,1,"0,0,0,0","1,1,1,1",
24,"Benevento",1,1,"0,0,0,0","1,1,1,1",
26,"Atletico Madrid",2,1,"3,9,9,2","3,9,9,2",
27,"Valencia",2,1,"0,0,0,0","1,1,1,1",
28,"Real Madrid",2,1,"0,0,0,0","1,1,1,1",
29,"Sevilla",2,1,"0,0,0,0","12,11,12,2",
30,"Villarreal",2,1,"0,0,0,0","6,6,4,2",
31,"Eibar",2,1,"0,0,0,0","1,1,1,1",
32,"Getafe",2,1,"0,0,0,0","1,1,1,1",
33,"Athletic Bilbao",2,1,"0,0,0,0","6,8,8,2",
34,"Leganes",2,1,"0,0,0,0","1,1,1,1",
35,"Real Betis",2,1,"0,0,0,0","1,1,1,1",
36,"Real Sociedad",2,1,"0,0,0,0","1,1,1,1",
37,"Girona",2,1,"0,0,0,0","1,1,1,1",
38,"Espanyol",2,1,"0,0,0,0","1,1,1,1",
39,"Celta Vigo",2,1,"0,0,0,0","1,1,1,1",
40,"Levante",2,1,"0,0,0,0","1,1,1,1",
41,"Deportivo La Coruna",2,1,"0,0,0,0","1,1,1,1",
42,"Alaves",2,1,"0,0,0,0","1,1,1,1",
43,"Malaga",2,1,"0,0,0,0","1,1,1,1",
44,"Las Palmas",2,1,"0,0,0,0","1,1,1,1",
45,"Huesca",2,2,"0,0,0,0","1,1,1,1",
46,"Cadiz",2,2,"0,0,0,0","1,1,1,1",
47,"Real Oviedo",2,2,"0,0,0,0","1,1,1,1",
48,"Numancia",2,2,"0,0,0,0","1,1,1,1",
49,"Rayo Vallecano",2,2,"0,0,0,0","1,1,1,1",
50,"Granada",2,2,"0,0,0,0","1,1,1,1",
51,"Lugo",2,2,"0,0,0,0","1,1,1,1",
52,"Osasuna",2,2,"0,0,0,0","1,1,1,1",
53,"Sporting Gijon",2,2,"0,0,0,0","1,1,1,1",
54,"Valladolid",2,2,"0,0,0,0","1,1,1,1",
55,"Tenerife",2,2,"0,0,0,0","1,1,1,1",
56,"Alcorcon",2,2,"0,0,0,0","1,1,1,1",
57,"Reus",2,2,"0,0,0,0","1,1,1,1",
58,"Almeria",2,2,"0,0,0,0","1,1,1,1",
59,"Albacete",2,2,"0,0,0,0","1,1,1,1",
60,"Zaragoza",2,2,"0,0,0,0","1,1,1,1",
61,"Gimnastic",2,2,"0,0,0,0","1,1,1,1",
62,"Leonesa",2,2,"0,0,0,0","1,1,1,1",
63,"Ufa",6,1,"0,0,0,0","1,1,1,1",
64,"Cordoba",2,2,"0,0,0,0","1,1,1,1",
65,"Lorca",2,2,"0,0,0,0","1,1,1,1",
66,"Sevilla Atletico",2,0,"0,0,0,0","1,1,1,1",
67,"Palermo",1,2,"0,0,0,0","1,1,1,1",
68,"Frosinone",1,2,"0,0,0,0","1,1,1,1",
69,"Empoli",1,2,"0,0,0,0","1,1,1,1",
70,"Bari",1,2,"0,0,0,0","1,1,1,1",
71,"Parma",1,2,"0,0,0,0","1,1,1,1",
72,"Cremonese",1,2,"0,0,0,0","1,1,1,1",
73,"Cittadella",1,2,"0,0,0,0","1,1,1,1",
74,"Spezia",1,2,"0,0,0,0","1,1,1,1",
75,"Venezia",1,2,"0,0,0,0","1,1,1,1",
76,"Carpi",1,2,"0,0,0,0","1,1,1,1",
77,"Pescara",1,2,"0,0,0,0","1,1,1,1",
78,"Salernitana",1,2,"0,0,0,0","1,1,1,1",
79,"Avellino",1,2,"0,0,0,0","1,1,1,1",
80,"Perugia",1,2,"0,0,0,0","1,1,1,1",
81,"Novara",1,2,"0,0,0,0","1,1,1,1",
82,"Entella",1,2,"0,0,0,0","1,1,1,1",
83,"Brescia",1,2,"0,0,0,0","1,1,1,1",
84,"Cesena",1,2,"0,0,0,0","1,1,1,1",
85,"Foggia",1,2,"0,0,0,0","1,1,1,1",
86,"Ternana",1,2,"0,0,0,0","1,1,1,1",
87,"Ascoli",1,0,"0,0,0,0","1,1,1,1",
88,"Pro Vercelli",1,0,"0,0,0,0","1,1,1,1",
89,"Livorno",1,0,"0,0,0,0","1,1,1,1",
90,"Robur Siena",1,0,"0,0,0,0","1,1,1,1",
91,"Viterbese",1,0,"0,0,0,0","1,1,1,1",
92,"Pisa",1,0,"0,0,0,0","1,1,1,1",
93,"Olbia",1,0,"0,0,0,0","1,1,1,1",
94,"Monza",1,0,"0,0,0,0","1,1,1,1",
95,"Giana Erminio",1,0,"0,0,0,0","1,1,1,1",
96,"Carrarese",1,0,"0,0,0,0","1,1,1,1",
97,"Arezzo",1,0,"0,0,0,0","1,1,1,1",
98,"Pistoiese",1,0,"0,0,0,0","1,1,1,1",
99,"Alessandria",1,0,"0,0,0,0","1,1,1,1",
100,"Arzachena",1,0,"0,0,0,0","1,1,1,1",
101,"Lucchese",1,0,"0,0,0,0","1,1,1,1",
102,"Pontedera",1,0,"0,0,0,0","1,1,1,1",
103,"Piacenza",1,0,"0,0,0,0","1,1,1,1",
104,"Pro Piacenza",1,0,"0,0,0,0","1,1,1,1",
105,"Cuneo",1,0,"0,0,0,0","1,1,1,1",
106,"Gavorrano",1,0,"0,0,0,0","1,1,1,1",
107,"Prato",1,0,"0,0,0,0","1,1,1,1",
108,"Padova",1,0,"0,0,0,0","1,1,1,1",
109,"Renate",1,0,"0,0,0,0","1,1,1,1",
110,"Sambenedettese",1,0,"0,0,0,0","1,1,1,1",
111,"FeralpiSalo",1,0,"0,0,0,0","1,1,1,1",
112,"Reggiana",1,0,"0,0,0,0","1,1,1,1",
113,"AlbinoLeffe",1,0,"0,0,0,0","1,1,1,1",
114,"Pordenone Calcio",1,0,"0,0,0,0","1,1,1,1",
116,"Bassano Virtus",1,0,"0,0,0,0","1,1,1,1",
117,"Sudtirol",1,0,"0,0,0,0","1,1,1,1",
118,"Mestre",1,0,"0,0,0,0","1,1,1,1",
119,"Fermana",1,0,"0,0,0,0","1,1,1,1",
120,"Gubbio",1,0,"0,0,0,0","1,1,1,1",
121,"Ravenna",1,0,"0,0,0,0","1,1,1,1",
122,"Teramo",1,0,"0,0,0,0","1,1,1,1",
123,"Vicenza",1,0,"0,0,0,0","1,1,1,1",
124,"Santarcangelo",1,0,"0,0,0,0","1,1,1,1",
125,"Alma Juventus Fano",1,0,"0,0,0,0","1,1,1,1",
126,"Lecce",1,0,"0,0,0,0","1,1,1,1",
127,"Catania",1,0,"0,0,0,0","1,1,1,1",
128,"Trapani",1,0,"0,0,0,0","1,1,1,1",
129,"Siracusa",1,0,"0,0,0,0","1,1,1,1",
130,"Matera",1,0,"0,0,0,0","1,1,1,1",
131,"Rende",1,0,"0,0,0,0","1,1,1,1",
132,"Cosenza",1,0,"0,0,0,0","1,1,1,1",
133,"Virtus Francavilla",1,0,"0,0,0,0","1,1,1,1",
134,"Juve Stabia",1,0,"0,0,0,0","1,1,1,1",
135,"Bisceglie",1,0,"0,0,0,0","1,1,1,1",
136,"Monopoli",1,0,"0,0,0,0","1,1,1,1",
137,"Catanzaro",1,0,"0,0,0,0","1,1,1,1",
138,"Casertana",1,0,"0,0,0,0","1,1,1,1",
139,"Racing Fondi",1,0,"0,0,0,0","1,1,1,1",
140,"Reggina",1,0,"0,0,0,0","1,1,1,1",
141,"Sicula Leonzio",1,0,"0,0,0,0","1,1,1,1",
142,"Fidelis Andria",1,0,"0,0,0,0","1,1,1,1",
143,"Paganese",1,0,"0,0,0,0","1,1,1,1",
144,"Akragas",1,0,"0,0,0,0","1,1,1,1",
145,"Caronnese",1,0,"0,0,0,0","1,1,1,1",
146,"Gozzano",1,0,"0,0,0,0","1,1,1,1",
147,"Como",1,0,"0,0,0,0","1,1,1,1",
148,"Pro Sesto",1,0,"0,0,0,0","1,1,1,1",
149,"Folgore Caratese",1,0,"0,0,0,0","1,1,1,1",
150,"Chieri",1,0,"0,0,0,0","1,1,1,1",
151,"Inveruno",1,0,"0,0,0,0","1,1,1,1",
152,"Borgosesia",1,0,"0,0,0,0","1,1,1,1",
153,"Bra",1,0,"0,0,0,0","1,1,1,1",
154,"Varese",1,0,"0,0,0,0","1,1,1,1",
155,"Pavia",1,0,"0,0,0,0","1,1,1,1",
156,"Borgaro Torinese",1,0,"0,0,0,0","1,1,1,1",
157,"Varesina",1,0,"0,0,0,0","1,1,1,1",
158,"OltrepoVoghera",1,0,"0,0,0,0","1,1,1,1",
159,"Olginatese",1,0,"0,0,0,0","1,1,1,1",
160,"Casale",1,0,"0,0,0,0","1,1,1,1",
161,"Seregno",1,0,"0,0,0,0","1,1,1,1",
162,"Arconatese",1,0,"0,0,0,0","1,1,1,1",
163,"Derthona",1,0,"0,0,0,0","1,1,1,1",
164,"Castellazzo",1,0,"0,0,0,0","1,1,1,1",
165,"Pro Patria",1,0,"0,0,0,0","1,1,1,1",
166,"Darfo Boario",1,0,"0,0,0,0","1,1,1,1",
167,"Pontisola",1,0,"0,0,0,0","1,1,1,1",
168,"Rezzato",1,0,"0,0,0,0","1,1,1,1",
169,"Pergolettese",1,0,"0,0,0,0","1,1,1,1",
170,"Lecco",1,0,"0,0,0,0","1,1,1,1",
171,"Bustese",1,0,"0,0,0,0","1,1,1,1",
172,"Levico Terme",1,0,"0,0,0,0","1,1,1,1",
173,"V. Bergamo Alzanoseriate",1,0,"0,0,0,0","1,1,1,1",
174,"Ciliverghe Mazzano",1,0,"0,0,0,0","1,1,1,1",
175,"Crema",1,0,"0,0,0,0","1,1,1,1",
176,"Lumezzane",1,0,"0,0,0,0","1,1,1,1",
177,"Caravaggio",1,0,"0,0,0,0","1,1,1,1",
178,"Scanzorosciate",1,0,"0,0,0,0","1,1,1,1",
179,"Trento",1,0,"0,0,0,0","1,1,1,1",
180,"Ciserano",1,0,"0,0,0,0","1,1,1,1",
181,"Dro",1,0,"0,0,0,0","1,1,1,1",
182,"Grumellese",1,0,"0,0,0,0","1,1,1,1",
183,"Romanese",1,0,"0,0,0,0","1,1,1,1",
184,"Virtus Verona",1,0,"0,0,0,0","1,1,1,1",
185,"Campodarsego",1,0,"0,0,0,0","1,1,1,1",
186,"ArzignanoChiampo",1,0,"0,0,0,0","1,1,1,1",
187,"Mantova",1,0,"0,0,0,0","1,1,1,1",
188,"Este",1,0,"0,0,0,0","1,1,1,1",
189,"Belluno",1,0,"0,0,0,0","1,1,1,1",
190,"Union Feltre",1,0,"0,0,0,0","1,1,1,1",
191,"Adriese",1,0,"0,0,0,0","1,1,1,1",
192,"Delta Calcio Rovigo",1,0,"0,0,0,0","1,1,1,1",
193,"Ambrosiana",1,0,"0,0,0,0","1,1,1,1",
194,"Cjarlins Muzane",1,0,"0,0,0,0","1,1,1,1",
195,"Tamai",1,0,"0,0,0,0","1,1,1,1",
196,"Legnago Salus",1,0,"0,0,0,0","1,1,1,1",
197,"Clodiense",1,0,"0,0,0,0","1,1,1,1",
198,"Montebelluna",1,0,"0,0,0,0","1,1,1,1",
199,"Liventina",1,0,"0,0,0,0","1,1,1,1",
200,"Calvi Noale",1,0,"0,0,0,0","1,1,1,1",
201,"Abano",1,0,"0,0,0,0","1,1,1,1",
202,"Rimini",1,0,"0,0,0,0","1,1,1,1",
203,"Fiorenzuola",1,0,"0,0,0,0","1,1,1,1",
204,"Villabiagio",1,0,"0,0,0,0","1,1,1,1",
205,"Imolese Calcio",1,0,"0,0,0,0","1,1,1,1",
206,"Forli",1,0,"0,0,0,0","1,1,1,1",
207,"Sangiovannese",1,0,"0,0,0,0","1,1,1,1",
208,"Aquila Montevarchi",1,0,"0,0,0,0","1,1,1,1",
209,"Lentigione",1,0,"0,0,0,0","1,1,1,1",
210,"Vigor Carpaneto",1,0,"0,0,0,0","1,1,1,1",
211,"Romagna Centro",1,0,"0,0,0,0","1,1,1,1",
212,"Pianese",1,0,"0,0,0,0","1,1,1,1",
213,"Sanmaurese",1,0,"0,0,0,0","1,1,1,1",
214,"Tuttocuoio",1,0,"0,0,0,0","1,1,1,1",
215,"Castelvetro",1,0,"0,0,0,0","1,1,1,1",
216,"Sasso Marconi",1,0,"0,0,0,0","1,1,1,1",
217,"Trestina",1,0,"0,0,0,0","1,1,1,1",
218,"Sansepolcro",1,0,"0,0,0,0","1,1,1,1",
219,"Mezzolara",1,0,"0,0,0,0","1,1,1,1",
220,"Colligiana",1,0,"0,0,0,0","1,1,1,1",
221,"Correggese",1,0,"0,0,0,0","1,1,1,1",
222,"Ponsacco",1,0,"0,0,0,0","1,1,1,1",
223,"Unione Sanremo",1,0,"0,0,0,0","1,1,1,1",
224,"Viareggio",1,0,"0,0,0,0","1,1,1,1",
225,"Real Forte Querceta",1,0,"0,0,0,0","1,1,1,1",
226,"Massese",1,0,"0,0,0,0","1,1,1,1",
227,"Seravezza",1,0,"0,0,0,0","1,1,1,1",
228,"Lavagnese",1,0,"0,0,0,0","1,1,1,1",
229,"Ligorna",1,0,"0,0,0,0","1,1,1,1",
230,"Albissola",1,0,"0,0,0,0","1,1,1,1",
231,"Sestri Levante",1,0,"0,0,0,0","1,1,1,1",
232,"Ghivizzano Borgoamozzano",1,0,"0,0,0,0","1,1,1,1",
233,"Rignanese",1,0,"0,0,0,0","1,1,1,1",
234,"San Donato",1,0,"0,0,0,0","1,1,1,1",
235,"Savona",1,0,"0,0,0,0","1,1,1,1",
236,"Finale",1,0,"0,0,0,0","1,1,1,1",
237,"Montecatini",1,0,"0,0,0,0","1,1,1,1",
238,"Scandicci",1,0,"0,0,0,0","1,1,1,1",
239,"Argentina Arma",1,0,"0,0,0,0","1,1,1,1",
240,"Matelica",1,0,"0,0,0,0","1,1,1,1",
241,"Vis Pesaro",1,0,"0,0,0,0","1,1,1,1",
242,"Vastese",1,0,"0,0,0,0","1,1,1,1",
243,"Avezzano",1,0,"0,0,0,0","1,1,1,1",
244,"Sangiustese",1,0,"0,0,0,0","1,1,1,1",
245,"Pineto",1,0,"0,0,0,0","1,1,1,1",
246,"San Marino",1,0,"0,0,0,0","1,1,1,1",
247,"L'Aquila",1,0,"0,0,0,0","1,1,1,1",
248,"Mordovya",6,2,"0,0,0,0","1,1,1,1",
249,"Campobasso",1,0,"0,0,0,0","1,1,1,1",
250,"Castelfidardo",1,0,"0,0,0,0","1,1,1,1",
251,"Jesina",1,0,"0,0,0,0","1,1,1,1",
252,"Olympia Agnonese",1,0,"0,0,0,0","1,1,1,1",
253,"San Nicolo",1,0,"0,0,0,0","1,1,1,1",
254,"Fabriano Cerreto",1,0,"0,0,0,0","1,1,1,1",
255,"Monticelli",1,0,"0,0,0,0","1,1,1,1",
256,"Recanatese",1,0,"0,0,0,0","1,1,1,1",
257,"Nerostellati",1,0,"0,0,0,0","1,1,1,1",
258,"Rieti",1,0,"0,0,0,0","1,1,1,1",
259,"Atletico SFF",1,0,"0,0,0,0","1,1,1,1",
260,"Albalonga",1,0,"0,0,0,0","1,1,1,1",
261,"Cassino",1,0,"0,0,0,0","1,1,1,1",
262,"Trastevere",1,0,"0,0,0,0","1,1,1,1",
263,"Latina",1,0,"0,0,0,0","1,1,1,1",
264,"Aprilia",1,0,"0,0,0,0","1,1,1,1",
265,"Ostia Mare",1,0,"0,0,0,0","1,1,1,1",
266,"Lupa Roma",1,0,"0,0,0,0","1,1,1,1",
267,"Latte Dolce",1,0,"0,0,0,0","1,1,1,1",
268,"Monterosi",1,0,"0,0,0,0","1,1,1,1",
269,"Flaminia",1,0,"0,0,0,0","1,1,1,1",
270,"Budoni",1,0,"0,0,0,0","1,1,1,1",
271,"Tortoli",1,0,"0,0,0,0","1,1,1,1",
272,"Nuorese",1,0,"0,0,0,0","1,1,1,1",
273,"Lanusei",1,0,"0,0,0,0","1,1,1,1",
274,"Anziolavinio",1,0,"0,0,0,0","1,1,1,1",
275,"San Teodoro",1,0,"0,0,0,0","1,1,1,1",
276,"Potenza",1,0,"0,0,0,0","1,1,1,1",
277,"Audace Cerignola",1,0,"0,0,0,0","1,1,1,1",
278,"Team Altamura",1,0,"0,0,0,0","1,1,1,1",
279,"Cavese",1,0,"0,0,0,0","1,1,1,1",
280,"Taranto",1,0,"0,0,0,0","1,1,1,1",
281,"Gravina",1,0,"0,0,0,0","1,1,1,1",
282,"Picerno",1,0,"0,0,0,0","1,1,1,1",
283,"Nardo",1,0,"0,0,0,0","1,1,1,1",
284,"Sarnese",1,0,"0,0,0,0","1,1,1,1",
285,"Pomigliano",1,0,"0,0,0,0","1,1,1,1",
286,"Gragnano",1,0,"0,0,0,0","1,1,1,1",
287,"Francavilla",1,0,"0,0,0,0","1,1,1,1",
288,"Turris",1,0,"0,0,0,0","1,1,1,1",
289,"San Severo",1,0,"0,0,0,0","1,1,1,1",
290,"Nerostellati Frattese",1,0,"0,0,0,0","1,1,1,1",
291,"Manfredonia",1,0,"0,0,0,0","1,1,1,1",
292,"Aversa Normanna",1,0,"0,0,0,0","1,1,1,1",
293,"Sporting Fulgor Molfetta",1,0,"0,0,0,0","1,1,1,1",
294,"Troina",1,0,"0,0,0,0","1,1,1,1",
295,"Vibonese",1,0,"0,0,0,0","1,1,1,1",
296,"Igea Virtus",1,0,"0,0,0,0","1,1,1,1",
297,"Nocerina",1,0,"0,0,0,0","1,1,1,1",
298,"Acireale",1,0,"0,0,0,0","1,1,1,1",
299,"Ercolanese",1,0,"0,0,0,0","1,1,1,1",
300,"Sancataldese",1,0,"0,0,0,0","1,1,1,1",
301,"Cittanovese",1,0,"0,0,0,0","1,1,1,1",
302,"Gela",1,0,"0,0,0,0","1,1,1,1",
303,"Gelbison Cilento",1,0,"0,0,0,0","1,1,1,1",
304,"Messina",1,0,"0,0,0,0","1,1,1,1",
305,"Portici",1,0,"0,0,0,0","1,1,1,1",
306,"Palazzolo",1,0,"0,0,0,0","1,1,1,1",
307,"Roccella",1,0,"0,0,0,0","1,1,1,1",
308,"Ebolitana",1,0,"0,0,0,0","1,1,1,1",
309,"Palmese",1,0,"0,0,0,0","1,1,1,1",
310,"Isola Caporizzuto",1,0,"0,0,0,0","1,1,1,1",
311,"Paceco",1,0,"0,0,0,0","1,1,1,1",
312,"Fuenlabrada",2,0,"0,0,0,0","1,1,1,1",
313,"Rayo Majadahonda",2,0,"0,0,0,0","1,1,1,1",
314,"Deportivo Fabril",2,0,"0,0,0,0","1,1,1,1",
315,"Chertanovo Moscow",6,2,"0,0,0,0","1,1,1,1",
316,"Navalcarnero",2,0,"0,0,0,0","1,1,1,1",
317,"Rapido de Bouzas",2,0,"0,0,0,0","1,1,1,1",
318,"San Sebastian de los Reyes",2,0,"0,0,0,0","1,1,1,1",
319,"Real Madrid Castilla",2,0,"0,0,0,0","1,1,1,1",
320,"Talavera de la Reina",2,0,"0,0,0,0","1,1,1,1",
321,"Arsenal Tula",6,1,"0,0,0,0","1,1,1,1",
322,"Union Adarve",2,0,"0,0,0,0","1,1,1,1",
323,"Guijuelo",2,0,"0,0,0,0","1,1,1,1",
324,"Coruxo",2,0,"0,0,0,0","1,1,1,1",
325,"Ponferradina",2,0,"0,0,0,0","1,1,1,1",
326,"Toledo",2,0,"0,0,0,0","1,1,1,1",
327,"Pontevedra",2,0,"0,0,0,0","1,1,1,1",
328,"Gimnastica Segoviana",2,0,"0,0,0,0","1,1,1,1",
329,"Racing de Ferrol",2,0,"0,0,0,0","1,1,1,1",
330,"Cerceda",2,0,"0,0,0,0","1,1,1,1",
332,"Mirandes",2,0,"0,0,0,0","1,1,1,1",
333,"Anzhi Makhachkala",6,0,"0,0,0,0","1,1,1,1",
334,"Racing Santander",2,0,"0,0,0,0","1,1,1,1",
335,"Legion Dinamo",6,0,"0,0,0,0","1,1,1,1",
336,"Logrones",2,0,"0,0,0,0","1,1,1,1",
337,"Dinamo Moscow",6,1,"0,0,0,0","1,1,1,1",
338,"Tudelano",2,0,"0,0,0,0","1,1,1,1",
339,"Burgos",2,0,"0,0,0,0","1,1,1,1",
340,"Gernika",2,0,"0,0,0,0","1,1,1,1",
341,"Barakaldo",2,0,"0,0,0,0","1,1,1,1",
342,"Amorebieta",2,0,"0,0,0,0","1,1,1,1",
343,"Leioa",2,0,"0,0,0,0","1,1,1,1",
344,"Arenas Getxo",2,0,"0,0,0,0","1,1,1,1",
345,"Izarra",2,0,"0,0,0,0","1,1,1,1",
346,"Real Union",2,0,"0,0,0,0","1,1,1,1",
347,"Vitoria",2,0,"0,0,0,0","1,1,1,1",
348,"Lealtad",2,0,"0,0,0,0","1,1,1,1",
349,"Zvezda Saint Petersburg",6,0,"0,0,0,0","1,1,1,1",
350,"Pena Sport",2,0,"0,0,0,0","1,1,1,1",
351,"Caudal Deportivo",2,0,"0,0,0,0","1,1,1,1",
352,"Mallorca",2,0,"0,0,0,0","1,1,1,1",
354,"Cornella",2,0,"0,0,0,0","1,1,1,1",
355,"Elche",2,0,"0,0,0,0","1,1,1,1",
356,"Ontinyent",2,0,"0,0,0,0","1,1,1,1",
357,"Hercules",2,0,"0,0,0,0","1,1,1,1",
358,"Atletico Saguntino",2,0,"0,0,0,0","1,1,1,1",
359,"Sabadell",2,0,"0,0,0,0","1,1,1,1",
360,"Lleida Esportiu",2,0,"0,0,0,0","1,1,1,1",
362,"Ebro",2,0,"0,0,0,0","1,1,1,1",
363,"Formentera",2,0,"0,0,0,0","1,1,1,1",
364,"Alcoyano",2,0,"0,0,0,0","1,1,1,1",
365,"Badalona",2,0,"0,0,0,0","1,1,1,1",
366,"Llagostera",2,0,"0,0,0,0","1,1,1,1",
367,"Atletico Baleares",2,0,"0,0,0,0","1,1,1,1",
368,"Peralada",2,0,"0,0,0,0","1,1,1,1",
369,"Olot",2,0,"0,0,0,0","1,1,1,1",
370,"Pena Dep. Santa Eulalia",2,0,"0,0,0,0","1,1,1,1",
371,"Deportivo Aragon",2,0,"0,0,0,0","1,1,1,1",
372,"Cartagena",2,0,"0,0,0,0","1,1,1,1",
373,"Extremadura",2,0,"0,0,0,0","1,1,1,1",
374,"UCAM Murcia",2,0,"0,0,0,0","1,1,1,1",
375,"Marbella",2,0,"0,0,0,0","1,1,1,1",
376,"Real Murcia",2,0,"0,0,0,0","1,1,1,1",
377,"El Ejido 2012",2,0,"0,0,0,0","1,1,1,1",
378,"Linense",2,0,"0,0,0,0","1,1,1,1",
379,"Melilla",2,0,"0,0,0,0","1,1,1,1",
380,"Khimik Arsenal",6,0,"0,0,0,0","1,1,1,1",
381,"Merida",2,0,"0,0,0,0","1,1,1,1",
382,"Villanovense",2,0,"0,0,0,0","1,1,1,1",
383,"Recreativo Huelva",2,0,"0,0,0,0","1,1,1,1",
384,"Ecija",2,0,"0,0,0,0","1,1,1,1",
385,"San Fernando",2,0,"0,0,0,0","1,1,1,1",
386,"Shinnik Yaroslavl",6,2,"0,0,0,0","1,1,1,1",
387,"Badajoz",2,0,"0,0,0,0","1,1,1,1",
388,"Jumilla",2,0,"0,0,0,0","1,1,1,1",
389,"Betis Deportivo Balompie",2,0,"0,0,0,0","1,1,1,1",
390,"Veles Moscow",6,0,"0,0,0,0","1,1,1,1",
391,"Lorca Deportiva",2,0,"0,0,0,0","1,1,1,1",
392,"Bayern Munich",3,1,"0,0,0,0","1,1,1,1",
393,"Schalke 04",3,1,"0,0,0,0","1,1,1,1",
394,"Borussia Dortmund",3,1,"0,0,0,0","1,1,1,1",
395,"Bayer Leverkusen",3,1,"0,0,0,0","1,1,1,1",
396,"RasenBallsport Leipzig",3,1,"0,0,0,0","1,1,1,1",
397,"Borussia Moenchengladbach",3,1,"0,0,0,0","1,1,1,1",
398,"Hoffenheim",3,1,"0,0,0,0","1,1,1,1",
399,"Eintracht Frankfurt",3,1,"0,0,0,0","1,1,1,1",
400,"Augsburg",3,1,"0,0,0,0","1,1,1,1",
401,"Hertha Berlin",3,1,"0,0,0,0","1,1,1,1",
402,"Hannover 96",3,1,"0,0,0,0","1,1,1,1",
403,"Wolfsburg",3,1,"0,0,0,0","1,1,1,1",
404,"Freiburg",3,1,"0,0,0,0","1,1,1,1",
405,"Stuttgart",3,1,"0,0,0,0","1,1,1,1",
406,"Mainz 05",3,1,"0,0,0,0","1,1,1,1",
407,"Werder Bremen",3,1,"0,0,0,0","1,1,1,1",
408,"Hamburger",3,1,"0,0,0,0","1,1,1,1",
409,"Cologne",3,1,"0,0,0,0","1,1,1,1",
410,"Fortuna Duesseldorf",3,1,"0,0,0,0","1,1,1,1",
411,"Holstein Kiel",3,1,"0,0,0,0","1,1,1,1",
412,"Nuernberg",3,2,"0,0,0,0","1,1,1,1",
413,"Ingolstadt",3,2,"0,0,0,0","1,1,1,1",
414,"Sandhausen",3,2,"0,0,0,0","1,1,1,1",
415,"Union Berlin",3,2,"0,0,0,0","1,1,1,1",
416,"Duisburg",3,2,"0,0,0,0","1,1,1,1",
417,"Jahn Regensburg",3,2,"0,0,0,0","1,1,1,1",
418,"Arminia Bielefeld",3,2,"0,0,0,0","1,1,1,1",
419,"St. Pauli",3,2,"0,0,0,0","1,1,1,1",
420,"Dynamo Dresden",3,2,"0,0,0,0","1,1,1,1",
421,"Bochum",3,2,"0,0,0,0","1,1,1,1",
422,"Erzgebirge Aue",3,2,"0,0,0,0","1,1,1,1",
423,"Eintracht Braunschweig",3,2,"0,0,0,0","1,1,1,1",
424,"Heidenheim",3,2,"0,0,0,0","1,1,1,1",
425,"Darmstadt",3,2,"0,0,0,0","1,1,1,1",
426,"Greuther Fuerth",3,2,"0,0,0,0","1,1,1,1",
427,"Kaiserslautern",3,2,"0,0,0,0","1,1,1,1",
428,"Magdeburg",3,2,"0,0,0,0","1,1,1,1",
429,"Paderborn",3,2,"0,0,0,0","1,1,1,1",
430,"Wehen",3,2,"0,0,0,0","1,1,1,1",
431,"Hansa Rostock",3,2,"0,0,0,0","1,1,1,1",
432,"Unterhaching",3,0,"0,0,0,0","1,1,1,1",
433,"Fortuna Koeln",3,0,"0,0,0,0","1,1,1,1",
434,"Sonnenhof Grossaspach",3,0,"0,0,0,0","1,1,1,1",
435,"Karlsruher",3,0,"0,0,0,0","1,1,1,1",
436,"Aalen",3,0,"0,0,0,0","1,1,1,1",
437,"Wuerzburger Kickers",3,0,"0,0,0,0","1,1,1,1",
438,"Meppen",3,0,"0,0,0,0","1,1,1,1",
439,"Carl Zeiss Jena",3,0,"0,0,0,0","1,1,1,1",
440,"Hallescher",3,0,"0,0,0,0","1,1,1,1",
441,"Sportfreunde Lotte",3,0,"0,0,0,0","1,1,1,1",
442,"Osnabrueck",3,0,"0,0,0,0","1,1,1,1",
443,"Zwickau",3,0,"0,0,0,0","1,1,1,1",
444,"Preuﬂen Muenster",3,0,"0,0,0,0","1,1,1,1",
446,"Chemnitzer",3,0,"0,0,0,0","1,1,1,1",
447,"Erfurt",3,0,"0,0,0,0","1,1,1,1",
448,"1860 Muenchen",3,0,"0,0,0,0","1,1,1,1",
449,"Chelyabinsk",6,0,"0,0,0,0","1,1,1,1",
450,"Kvant Obninsk",6,0,"0,0,0,0","1,1,1,1",
451,"Tambov",6,1,"0,0,0,0","1,1,1,1",
452,"Schweinfurt",3,0,"0,0,0,0","1,1,1,1",
453,"Illertissen",3,0,"0,0,0,0","1,1,1,1",
454,"Schalding Heining",3,0,"0,0,0,0","1,1,1,1",
455,"1860 Rosenheim",3,0,"0,0,0,0","1,1,1,1",
456,"Eichst‰tt",3,0,"0,0,0,0","1,1,1,1",
457,"Spartak Moscow",6,1,"0,0,0,0","1,1,1,1",
458,"Burghausen",3,0,"0,0,0,0","1,1,1,1",
459,"Garching",3,0,"0,0,0,0","1,1,1,1",
460,"Buchbach",3,0,"0,0,0,0","1,1,1,1",
461,"Pipinsried",3,0,"0,0,0,0","1,1,1,1",
462,"SpVgg Bayreuth",3,0,"0,0,0,0","1,1,1,1",
463,"Ryazan",6,0,"0,0,0,0","1,1,1,1",
464,"Seligenporten",3,0,"0,0,0,0","1,1,1,1",
465,"Memmingen",3,0,"0,0,0,0","1,1,1,1",
466,"Unterfoehring",3,0,"0,0,0,0","1,1,1,1",
467,"Ararat Moscow",6,0,"0,0,0,0","1,1,1,1",
468,"Weiche Flensburg",3,0,"0,0,0,0","1,1,1,1",
470,"Spartak Vladikavkaz",6,0,"0,0,0,0","1,1,1,1",
471,"Jeddeloh",3,0,"0,0,0,0","1,1,1,1",
472,"Luebeck",3,0,"0,0,0,0","1,1,1,1",
473,"Egestorf Langreder",3,0,"0,0,0,0","1,1,1,1",
474,"Eintracht Norderstedt",3,0,"0,0,0,0","1,1,1,1",
475,"Avangard Kursk",6,2,"0,0,0,0","1,1,1,1",
476,"Kaluga",6,2,"0,0,0,0","1,1,1,1",
477,"Drochtersen/Assel",3,0,"0,0,0,0","1,1,1,1",
478,"Havelse",3,0,"0,0,0,0","1,1,1,1",
479,"Hansa Lueneburg",3,0,"0,0,0,0","1,1,1,1",
480,"Oldenburg",3,0,"0,0,0,0","1,1,1,1",
481,"Rehden",3,0,"0,0,0,0","1,1,1,1",
482,"Eutin 08",3,0,"0,0,0,0","1,1,1,1",
483,"Hildesheim",3,0,"0,0,0,0","1,1,1,1",
484,"Altonaer",3,0,"0,0,0,0","1,1,1,1",
485,"Energie Cottbus",3,0,"0,0,0,0","1,1,1,1",
486,"Berliner FC Dynamo",3,0,"0,0,0,0","1,1,1,1",
487,"Wacker Nordhausen",3,0,"0,0,0,0","1,1,1,1",
488,"Lokomotive Leipzig",3,0,"0,0,0,0","1,1,1,1",
489,"Union Fuerstenwalde",3,0,"0,0,0,0","1,1,1,1",
490,"Viktoria 1889 Berlin",3,0,"0,0,0,0","1,1,1,1",
491,"Berliner AK 07",3,0,"0,0,0,0","1,1,1,1",
492,"Saturn Ramenskoye",6,0,"0,0,0,0","1,1,1,1",
493,"ZFC Meuselwitz",3,0,"0,0,0,0","1,1,1,1",
494,"Budissa Bautzen",3,0,"0,0,0,0","1,1,1,1",
495,"Germania Halberstadt",3,0,"0,0,0,0","1,1,1,1",
496,"Babelsberg",3,0,"0,0,0,0","1,1,1,1",
497,"Oberlausitz Neugersdorf",3,0,"0,0,0,0","1,1,1,1",
498,"Altglienicke",3,0,"0,0,0,0","1,1,1,1",
499,"Auerbach",3,0,"0,0,0,0","1,1,1,1",
500,"Neustrelitz",3,0,"0,0,0,0","1,1,1,1",
501,"Chemie Leipzig",3,0,"0,0,0,0","1,1,1,1",
502,"Luckenwalde",3,0,"0,0,0,0","1,1,1,1",
503,"Saarbruecken",3,0,"0,0,0,0","1,1,1,1",
504,"Kickers Offenbach",3,0,"0,0,0,0","1,1,1,1",
505,"Waldhof Mannheim",3,0,"0,0,0,0","1,1,1,1",
506,"Metalurg Lypetsk",6,2,"0,0,0,0","1,1,1,1",
507,"Elversberg",3,0,"0,0,0,0","1,1,1,1",
508,"NoSta",6,2,"0,0,0,0","1,1,1,1",
509,"Strogino",6,2,"0,0,0,0","1,1,1,1",
510,"Steinbach",3,0,"0,0,0,0","1,1,1,1",
511,"Eintracht Stadtallendorf",3,0,"0,0,0,0","1,1,1,1",
513,"Wormatia Worms",3,0,"0,0,0,0","1,1,1,1",
514,"Ulm",3,0,"0,0,0,0","1,1,1,1",
515,"Walldorf",3,0,"0,0,0,0","1,1,1,1",
516,"Stuttgarter Kickers",3,0,"0,0,0,0","1,1,1,1",
517,"Frankfurt",3,0,"0,0,0,0","1,1,1,1",
518,"Koblenz",3,0,"0,0,0,0","1,1,1,1",
519,"Roechling",3,0,"0,0,0,0","1,1,1,1",
520,"Schott Mainz",3,0,"0,0,0,0","1,1,1,1",
521,"Hessen Kassel",3,0,"0,0,0,0","1,1,1,1",
522,"Viktoria Koeln",3,0,"0,0,0,0","1,1,1,1",
523,"Uerdingen",3,0,"0,0,0,0","1,1,1,1",
524,"Wiedenbrueck",3,0,"0,0,0,0","1,1,1,1",
525,"Rubin Kazan",6,1,"0,0,0,0","1,1,1,1",
526,"Alemannia Aachen",3,0,"0,0,0,0","1,1,1,1",
527,"Wuppertal",3,0,"0,0,0,0","1,1,1,1",
528,"Oberhausen",3,0,"0,0,0,0","1,1,1,1",
529,"Roedinghausen",3,0,"0,0,0,0","1,1,1,1",
530,"Verl",3,0,"0,0,0,0","1,1,1,1",
531,"Essen",3,0,"0,0,0,0","1,1,1,1",
532,"Wattenscheid",3,0,"0,0,0,0","1,1,1,1",
533,"Krylya Sovetov Samara",6,1,"0,0,0,0","1,1,1,1",
534,"Fakel Voronezh",6,1,"0,0,0,0","1,1,1,1",
535,"Bonner",3,0,"0,0,0,0","1,1,1,1",
536,"Wegberg Beeck",3,0,"0,0,0,0","1,1,1,1",
537,"Koeln",3,0,"0,0,0,0","1,1,1,1",
538,"TuS Erndtebrueck",3,0,"0,0,0,0","1,1,1,1",
539,"Westfalia Rhynern",3,0,"0,0,0,0","1,1,1,1",
540,"Manchester City",4,1,"0,0,0,0","1,1,1,1",
541,"Manchester United",4,1,"0,0,0,0","1,1,1,1",
542,"Chelsea",4,1,"0,0,0,0","1,1,1,1",
543,"Liverpool",4,1,"0,0,0,0","1,1,1,1",
544,"Tottenham Hotspur",4,1,"0,0,0,0","1,1,1,1",
545,"Arsenal",4,1,"0,0,0,0","1,1,1,1",
546,"Burnley",4,1,"0,0,0,0","1,1,1,1",
547,"Leicester City",4,1,"0,0,0,0","1,1,1,1",
548,"Everton",4,1,"0,0,0,0","1,1,1,1",
549,"Watford",4,1,"0,0,0,0","1,1,1,1",
550,"Huddersfield Town",4,1,"0,0,0,0","1,1,1,1",
551,"Brighton & Hove Albion",4,1,"0,0,0,0","1,1,1,1",
552,"Newcastle United",4,1,"0,0,0,0","1,1,1,1",
553,"Crystal Palace",4,1,"0,0,0,0","1,1,1,1",
554,"West Ham United",4,1,"0,0,0,0","1,1,1,1",
555,"Bournemouth",4,1,"0,0,0,0","1,1,1,1",
556,"Southampton",4,1,"0,0,0,0","1,1,1,1",
557,"Stoke City",4,1,"0,0,0,0","1,1,1,1",
558,"West Bromwich Albion",4,1,"0,0,0,0","1,1,1,1",
559,"Swansea City",4,1,"0,0,0,0","1,1,1,1",
560,"Wolverhampton Wanderers",4,2,"0,0,0,0","1,1,1,1",
561,"Derby County",4,2,"0,0,0,0","1,1,1,1",
562,"Cardiff City",4,2,"0,0,0,0","1,1,1,1",
563,"Bristol City",4,2,"0,0,0,0","1,1,1,1",
564,"Aston Villa",4,2,"0,0,0,0","1,1,1,1",
565,"Sheffield United",4,2,"0,0,0,0","1,1,1,1",
566,"Leeds United",4,2,"0,0,0,0","1,1,1,1",
567,"Middlesbrough",4,2,"0,0,0,0","1,1,1,1",
568,"Preston North End",4,2,"0,0,0,0","1,1,1,1",
569,"Fulham",4,2,"0,0,0,0","1,1,1,1",
570,"Brentford",4,2,"0,0,0,0","1,1,1,1",
571,"Ipswich Town",4,2,"0,0,0,0","1,1,1,1",
572,"Norwich City",4,2,"0,0,0,0","1,1,1,1",
573,"Nottingham Forest",4,2,"0,0,0,0","1,1,1,1",
574,"Sheffield Wednesday",4,2,"0,0,0,0","1,1,1,1",
575,"Millwall",4,2,"0,0,0,0","1,1,1,1",
576,"Queens Park Rangers",4,2,"0,0,0,0","1,1,1,1",
577,"Reading",4,2,"0,0,0,0","1,1,1,1",
578,"Barnsley",4,2,"0,0,0,0","1,1,1,1",
579,"Bolton Wanderers",4,2,"0,0,0,0","1,1,1,1",
580,"Hull City",4,0,"0,0,0,0","1,1,1,1",
581,"Burton Albion",4,0,"0,0,0,0","1,1,1,1",
582,"Birmingham City",4,0,"0,0,0,0","1,1,1,1",
583,"Sunderland",4,0,"0,0,0,0","1,1,1,1",
584,"Wigan Athletic",4,0,"0,0,0,0","1,1,1,1",
585,"Shrewsbury Town",4,0,"0,0,0,0","1,1,1,1",
586,"Blackburn Rovers",4,0,"0,0,0,0","1,1,1,1",
587,"Scunthorpe United",4,0,"0,0,0,0","1,1,1,1",
588,"Bradford City",4,0,"0,0,0,0","1,1,1,1",
589,"Portsmouth",4,0,"0,0,0,0","1,1,1,1",
590,"Rotherham United",4,0,"0,0,0,0","1,1,1,1",
591,"Charlton Athletic",4,0,"0,0,0,0","1,1,1,1",
592,"Peterborough United",4,0,"0,0,0,0","1,1,1,1",
593,"Oxford United",4,0,"0,0,0,0","1,1,1,1",
594,"Doncaster Rovers",4,0,"0,0,0,0","1,1,1,1",
595,"Plymouth Argyle",4,0,"0,0,0,0","1,1,1,1",
596,"Fleetwood Town",4,0,"0,0,0,0","1,1,1,1",
597,"Blackpool",4,0,"0,0,0,0","1,1,1,1",
598,"Bristol Rovers",4,0,"0,0,0,0","1,1,1,1",
599,"Gillingham",4,0,"0,0,0,0","1,1,1,1",
600,"Southend United",4,0,"0,0,0,0","1,1,1,1",
602,"Milton Keynes Dons",4,0,"0,0,0,0","1,1,1,1",
603,"Oldham Athletic",4,0,"0,0,0,0","1,1,1,1",
604,"Wimbledon",4,0,"0,0,0,0","1,1,1,1",
605,"Northampton Town",4,0,"0,0,0,0","1,1,1,1",
606,"Rochdale",4,0,"0,0,0,0","1,1,1,1",
607,"Bury",4,0,"0,0,0,0","1,1,1,1",
608,"Luton Town",4,0,"0,0,0,0","1,1,1,1",
609,"Notts County",4,0,"0,0,0,0","1,1,1,1",
610,"Coventry City",4,0,"0,0,0,0","1,1,1,1",
611,"Accrington Stanley",4,0,"0,0,0,0","1,1,1,1",
612,"Wycombe Wanderers",4,0,"0,0,0,0","1,1,1,1",
613,"Lincoln City",4,0,"0,0,0,0","1,1,1,1",
614,"Mansfield Town",4,0,"0,0,0,0","1,1,1,1",
615,"Exeter City",4,0,"0,0,0,0","1,1,1,1",
616,"Colchester United",4,0,"0,0,0,0","1,1,1,1",
617,"Swindon Town",4,0,"0,0,0,0","1,1,1,1",
618,"Newport County",4,0,"0,0,0,0","1,1,1,1",
619,"Cambridge United",4,0,"0,0,0,0","1,1,1,1",
620,"Carlisle United",4,0,"0,0,0,0","1,1,1,1",
621,"Cheltenham Town",4,0,"0,0,0,0","1,1,1,1",
622,"Grimsby Town",4,0,"0,0,0,0","1,1,1,1",
623,"Stevenage",4,0,"0,0,0,0","1,1,1,1",
624,"Crawley Town",4,0,"0,0,0,0","1,1,1,1",
625,"Port Vale",4,0,"0,0,0,0","1,1,1,1",
626,"Crewe Alexandra",4,0,"0,0,0,0","1,1,1,1",
627,"Morecambe",4,0,"0,0,0,0","1,1,1,1",
628,"Yeovil Town",4,0,"0,0,0,0","1,1,1,1",
629,"Forest Green Rovers",4,0,"0,0,0,0","1,1,1,1",
630,"Chesterfield",4,0,"0,0,0,0","1,1,1,1",
631,"Barnet",4,0,"0,0,0,0","1,1,1,1",
632,"Macclesfield Town",4,0,"0,0,0,0","1,1,1,1",
633,"Aldershot Town",4,0,"0,0,0,0","1,1,1,1",
634,"Sutton United",4,0,"0,0,0,0","1,1,1,1",
635,"Wrexham",4,0,"0,0,0,0","1,1,1,1",
636,"Boreham Wood",4,0,"0,0,0,0","1,1,1,1",
637,"Dover",4,0,"0,0,0,0","1,1,1,1",
638,"Dagenham & Redbridge",4,0,"0,0,0,0","1,1,1,1",
639,"Tranmere Rovers",4,0,"0,0,0,0","1,1,1,1",
640,"Bromley",4,0,"0,0,0,0","1,1,1,1",
641,"Ebbsfleet United",4,0,"0,0,0,0","1,1,1,1",
642,"Fylde",4,0,"0,0,0,0","1,1,1,1",
643,"Maidenhead United",4,0,"0,0,0,0","1,1,1,1",
644,"Maidstone",4,0,"0,0,0,0","1,1,1,1",
645,"Woking",4,0,"0,0,0,0","1,1,1,1",
646,"Eastleigh",4,0,"0,0,0,0","1,1,1,1",
647,"Halifax Town",4,0,"0,0,0,0","1,1,1,1",
648,"Hartlepool United",4,0,"0,0,0,0","1,1,1,1",
649,"Gateshead",4,0,"0,0,0,0","1,1,1,1",
650,"Leyton Orient",4,0,"0,0,0,0","1,1,1,1",
651,"Barrow",4,0,"0,0,0,0","1,1,1,1",
652,"Chester",4,0,"0,0,0,0","1,1,1,1",
653,"Solihull Moors",4,0,"0,0,0,0","1,1,1,1",
654,"Guiseley",4,0,"0,0,0,0","1,1,1,1",
655,"Torquay United",4,0,"0,0,0,0","1,1,1,1",
656,"Salford City",4,0,"0,0,0,0","1,1,1,1",
657,"Harrogate",4,0,"0,0,0,0","1,1,1,1",
658,"Brackley Town",4,0,"0,0,0,0","1,1,1,1",
659,"Spennymoor Town",4,0,"0,0,0,0","1,1,1,1",
660,"Blyth Spartans",4,0,"0,0,0,0","1,1,1,1",
661,"Kidderminster Harriers",4,0,"0,0,0,0","1,1,1,1",
662,"Bradford PA",4,0,"0,0,0,0","1,1,1,1",
663,"York City",4,0,"0,0,0,0","1,1,1,1",
664,"Stockport",4,0,"0,0,0,0","1,1,1,1",
665,"Chorley",4,0,"0,0,0,0","1,1,1,1",
666,"Tamworth",4,0,"0,0,0,0","1,1,1,1",
667,"Boston United",4,0,"0,0,0,0","1,1,1,1",
668,"United of Manchester",4,0,"0,0,0,0","1,1,1,1",
669,"Curzon",4,0,"0,0,0,0","1,1,1,1",
670,"Leamington",4,0,"0,0,0,0","1,1,1,1",
671,"Telford",4,0,"0,0,0,0","1,1,1,1",
672,"Alfreton Town",4,0,"0,0,0,0","1,1,1,1",
673,"Nuneaton Town",4,0,"0,0,0,0","1,1,1,1",
674,"Southport",4,0,"0,0,0,0","1,1,1,1",
675,"Darlington",4,0,"0,0,0,0","1,1,1,1",
676,"Gainsborough",4,0,"0,0,0,0","1,1,1,1",
677,"North Ferriby United",4,0,"0,0,0,0","1,1,1,1",
678,"Dartford",4,0,"0,0,0,0","1,1,1,1",
679,"Havant and Waterlooville",4,0,"0,0,0,0","1,1,1,1",
680,"Braintree Town",4,0,"0,0,0,0","1,1,1,1",
681,"Hampton & Richmond",4,0,"0,0,0,0","1,1,1,1",
682,"Truro City",4,0,"0,0,0,0","1,1,1,1",
683,"Chelmsford",4,0,"0,0,0,0","1,1,1,1",
684,"Hemel Hempstead",4,0,"0,0,0,0","1,1,1,1",
685,"St.Albans",4,0,"0,0,0,0","1,1,1,1",
686,"Weston Super Mare",4,0,"0,0,0,0","1,1,1,1",
687,"Welling United",4,0,"0,0,0,0","1,1,1,1",
688,"Bath City",4,0,"0,0,0,0","1,1,1,1",
689,"East Thurrock United",4,0,"0,0,0,0","1,1,1,1",
690,"Wealdstone",4,0,"0,0,0,0","1,1,1,1",
691,"Hungerford Town",4,0,"0,0,0,0","1,1,1,1",
692,"Eastbourne Borough",4,0,"0,0,0,0","1,1,1,1",
693,"Concord Rangers",4,0,"0,0,0,0","1,1,1,1",
694,"Oxford City",4,0,"0,0,0,0","1,1,1,1",
695,"Chippenham Town",4,0,"0,0,0,0","1,1,1,1",
696,"Gloucester City",4,0,"0,0,0,0","1,1,1,1",
697,"Poole Town",4,0,"0,0,0,0","1,1,1,1",
698,"Bognor Regis Town",4,0,"0,0,0,0","1,1,1,1",
699,"Whitehawk",4,0,"0,0,0,0","1,1,1,1",
700,"Luch Vladivostok",6,1,"0,0,0,0","1,1,1,1",
701,"Torpedo Vladimir",6,2,"0,0,0,0","1,1,1,1",
702,"Krasnodar",6,1,"0,0,0,0","1,1,1,1",
703,"Sakhalin",6,0,"0,0,0,0","1,1,1,1",
704,"Orenburg",6,1,"0,0,0,0","1,1,1,1",
705,"Nizhny Novgorod",6,2,"0,0,0,0","1,1,1,1",
707,"Tyumen",6,0,"0,0,0,0","1,1,1,1",
708,"SKA Rostov",6,0,"0,0,0,0","1,1,1,1",
709,"Zenit St. Petersburg",6,1,"0,0,0,0","1,1,1,1",
710,"Sochi",6,1,"0,0,0,0","1,1,1,1",
712,"Volgar",6,0,"0,0,0,0","1,1,1,1",
713,"Akron Togliatti",6,0,"0,0,0,0","1,1,1,1",
714,"Chita",6,0,"0,0,0,0","1,1,1,1",
715,"Zenit Irkutsk",6,0,"0,0,0,0","1,1,1,1",
716,"Walsall",4,0,"0,0,0,0","1,1,1,1",
717,"Urozhay",6,0,"0,0,0,0","1,1,1,1",
718,"Tom Tomsk",6,2,"0,0,0,0","1,1,1,1",
720,"Akhmat Grozny",6,1,"0,0,0,0","1,1,1,1",
721,"Baltika Kaliningrad",6,2,"0,0,0,0","1,1,1,1",
722,"Biolog Novokubansk",6,0,"0,0,0,0","1,1,1,1",
723,"Zvezda Perm",6,0,"0,0,0,0","1,1,1,1",
724,"Murom",6,0,"0,0,0,0","1,1,1,1",
725,"Volga Ulyanovsk",6,0,"0,0,0,0","1,1,1,1",
726,"Kamaz",6,0,"0,0,0,0","1,1,1,1",
727,"Yenisey Krasnoyarsk",6,2,"0,0,0,0","1,1,1,1",
728,"Mashuk KMV",6,0,"0,0,0,0","1,1,1,1",
729,"Armavir",6,0,"0,0,0,0","1,1,1,1",
730,"Zorky Krasnogorsk",6,0,"0,0,0,0","1,1,1,1",
732,"Druzhba",6,0,"0,0,0,0","1,1,1,1",
733,"Torpedo Moscow",6,2,"0,0,0,0","1,1,1,1",
734,"Sokol Saratov",6,0,"0,0,0,0","1,1,1,1",
735,"Chayka Peschanokopskoye",6,2,"0,0,0,0","1,1,1,1",
736,"Salyut Belgorod",6,0,"0,0,0,0","1,1,1,1",
737,"Spartak Nalchik",6,0,"0,0,0,0","1,1,1,1",
738,"Ska Khabarovsk",6,2,"0,0,0,0","1,1,1,1",
739,"Chernomorets Novorossiysk",6,0,"0,0,0,0","1,1,1,1",
742,"Khimki",6,1,"0,0,0,0","1,1,1,1",
745,"Chelsea Academy",4,0,"0,0,0,0","1,1,1,1",
746,"Kazanka Moscow",6,0,"0,0,0,0","1,1,1,1",
747,"Dinamo Briansk",6,0,"0,0,0,0","1,1,1,1",
749,"Tekstilshchik Ivanovo",6,2,"0,0,0,0","1,1,1,1",
750,"Neftekhimik Nizhnekamsk",6,2,"0,0,0,0","1,1,1,1",
751,"Novosibirsk ",6,0,"0,0,0,0","1,1,1,1",
752,"Pskov 747",6,0,"0,0,0,0","1,1,1,1",
753,"Rostov",6,1,"0,0,0,0","1,1,1,1",
754,"Ural",6,1,"0,0,0,0","1,1,1,1",
756,"Lada Togliatti",6,0,"0,0,0,0","1,1,1,1",
757,"Luki Energiya",6,0,"0,0,0,0","1,1,1,1",
759,"Rotor Volgograd",6,1,"0,0,0,0","1,1,1,1",
760,"Znamya",6,0,"0,0,0,0","1,1,1,1",
761,"Alania Vladikavkaz",6,0,"0,0,0,0","1,1,1,1",
762,"Inter Cherkessk",6,0,"0,0,0,0","1,1,1,1",
763,"Lokomotiv Moscow",6,1,"0,0,0,0","1,1,1,1",
764,"Altrincham",4,0,"0,0,0,0","1,1,1,1",
765,"Grantham Town",4,0,"0,0,0,0","1,1,1,1",
766,"Warrington Town",4,0,"0,0,0,0","1,1,1,1",
767,"Workington",4,0,"0,0,0,0","1,1,1,1",
768,"Shaw Lane",4,0,"0,0,0,0","1,1,1,1",
769,"Ashton United",4,0,"0,0,0,0","1,1,1,1",
770,"Hednesford",4,0,"0,0,0,0","1,1,1,1",
771,"Farsley Celtic",4,0,"0,0,0,0","1,1,1,1",
772,"Witton Albion",4,0,"0,0,0,0","1,1,1,1",
773,"Stourbridge",4,0,"0,0,0,0","1,1,1,1",
774,"Buxton",4,0,"0,0,0,0","1,1,1,1",
775,"Lancaster City",4,0,"0,0,0,0","1,1,1,1",
776,"Mickleover Sports",4,0,"0,0,0,0","1,1,1,1",
777,"Coalville Town",4,0,"0,0,0,0","1,1,1,1",
778,"Barwell",4,0,"0,0,0,0","1,1,1,1",
779,"Matlock Town",4,0,"0,0,0,0","1,1,1,1",
780,"Stafford Rangers",4,0,"0,0,0,0","1,1,1,1",
781,"Nantwich Town",4,0,"0,0,0,0","1,1,1,1",
782,"Whitby",4,0,"0,0,0,0","1,1,1,1",
783,"Rushall Olympic",4,0,"0,0,0,0","1,1,1,1",
784,"Marine",4,0,"0,0,0,0","1,1,1,1",
785,"Halesowen",4,0,"0,0,0,0","1,1,1,1",
786,"Stalybridge",4,0,"0,0,0,0","1,1,1,1",
787,"Sutton Coldfield Town",4,0,"0,0,0,0","1,1,1,1",
788,"King's Lynn Town",4,0,"0,0,0,0","1,1,1,1",
789,"Kettering Town",4,0,"0,0,0,0","1,1,1,1",
790,"Hereford",4,0,"0,0,0,0","1,1,1,1",
791,"Weymouth",4,0,"0,0,0,0","1,1,1,1",
792,"Tiverton",4,0,"0,0,0,0","1,1,1,1",
793,"Slough Town",4,0,"0,0,0,0","1,1,1,1",
794,"Hitchin Town",4,0,"0,0,0,0","1,1,1,1",
795,"Royston Town",4,0,"0,0,0,0","1,1,1,1",
796,"Banbury United",4,0,"0,0,0,0","1,1,1,1",
797,"St Neots Town",4,0,"0,0,0,0","1,1,1,1",
798,"Frome Town",4,0,"0,0,0,0","1,1,1,1",
799,"Chesham United",4,0,"0,0,0,0","1,1,1,1",
800,"Stratford Town",4,0,"0,0,0,0","1,1,1,1",
801,"Biggleswade Town",4,0,"0,0,0,0","1,1,1,1",
802,"Redditch United",4,0,"0,0,0,0","1,1,1,1",
803,"Basingstoke",4,0,"0,0,0,0","1,1,1,1",
804,"Farnborough",4,0,"0,0,0,0","1,1,1,1",
805,"Merthyr Town",4,0,"0,0,0,0","1,1,1,1",
806,"Bishop's Stortford",4,0,"0,0,0,0","1,1,1,1",
807,"Dorchester Town",4,0,"0,0,0,0","1,1,1,1",
808,"St. Ives Town",4,0,"0,0,0,0","1,1,1,1",
809,"Kings Langley",4,0,"0,0,0,0","1,1,1,1",
810,"Dunstable Town",4,0,"0,0,0,0","1,1,1,1",
811,"Gosport Borough",4,0,"0,0,0,0","1,1,1,1",
812,"Paris Saint Germain",5,1,"0,0,0,0","1,1,1,1",
813,"Monaco",5,1,"0,0,0,0","1,1,1,1",
814,"Lyon",5,1,"0,0,0,0","1,1,1,1",
815,"Marseille",5,1,"0,0,0,0","1,1,1,1",
816,"Nantes",5,1,"0,0,0,0","1,1,1,1",
817,"Guingamp",5,1,"0,0,0,0","1,1,1,1",
818,"Nice",5,1,"0,0,0,0","1,1,1,1",
819,"Montpellier",5,1,"0,0,0,0","1,1,1,1",
820,"Rennes",5,1,"0,0,0,0","1,1,1,1",
821,"Dijon",5,1,"0,0,0,0","1,1,1,1",
822,"Strasbourg",5,1,"0,0,0,0","1,1,1,1",
823,"Caen",5,1,"0,0,0,0","1,1,1,1",
824,"Amiens",5,1,"0,0,0,0","1,1,1,1",
825,"Troyes",5,1,"0,0,0,0","1,1,1,1",
826,"Bordeaux",5,1,"0,0,0,0","1,1,1,1",
827,"Saint Etienne",5,1,"0,0,0,0","1,1,1,1",
828,"Toulouse",5,1,"0,0,0,0","1,1,1,1",
829,"Lille",5,1,"0,0,0,0","1,1,1,1",
830,"Angers",5,1,"0,0,0,0","1,1,1,1",
831,"Metz",5,1,"0,0,0,0","1,1,1,1",
832,"Reims",5,2,"0,0,0,0","1,1,1,1",
833,"Nimes",5,2,"0,0,0,0","1,1,1,1",
835,"Paris FC",5,2,"0,0,0,0","1,1,1,1",
836,"Le Havre",5,2,"0,0,0,0","1,1,1,1",
837,"Brest",5,2,"0,0,0,0","1,1,1,1",
838,"Lorient",5,2,"0,0,0,0","1,1,1,1",
839,"Chateauroux",5,2,"0,0,0,0","1,1,1,1",
840,"Clermont Foot",5,2,"0,0,0,0","1,1,1,1",
841,"Sochaux",5,2,"0,0,0,0","1,1,1,1",
842,"Niort",5,2,"0,0,0,0","1,1,1,1",
843,"Valenciennes",5,2,"0,0,0,0","1,1,1,1",
844,"Lens",5,2,"0,0,0,0","1,1,1,1",
845,"Orleans",5,2,"0,0,0,0","1,1,1,1",
846,"Ajaccio",5,2,"0,0,0,0","1,1,1,1",
847,"Nancy",5,2,"0,0,0,0","1,1,1,1",
848,"Auxerre",5,2,"0,0,0,0","1,1,1,1",
849,"Bourg en Bresse Peronnas",5,2,"0,0,0,0","1,1,1,1",
850,"Quevilly",5,2,"0,0,0,0","1,1,1,1",
851,"Tours",5,2,"0,0,0,0","1,1,1,1",
852,"Colomiers",5,2,"0,0,0,0","1,1,1,1",
853,"Bergerac Perigord",5,0,"0,0,0,0","1,1,1,1",
854,"Martigues",5,0,"0,0,0,0","1,1,1,1",
855,"Marignane",5,0,"0,0,0,0","1,1,1,1",
856,"Toulon",5,0,"0,0,0,0","1,1,1,1",
857,"Etoile Frejus St. Raphael",5,0,"0,0,0,0","1,1,1,1",
858,"Hyeres",5,0,"0,0,0,0","1,1,1,1",
859,"Irtysh",6,0,"0,0,0,0","1,1,1,1",
860,"Sete",5,0,"0,0,0,0","1,1,1,1",
861,"Dinamo Barnaul",6,0,"0,0,0,0","1,1,1,1",
862,"Grasse",5,0,"0,0,0,0","1,1,1,1",
863,"Stade Montois",5,0,"0,0,0,0","1,1,1,1",
864,"Paulhan Pezenas",5,0,"0,0,0,0","1,1,1,1",
866,"Tarbes",5,0,"0,0,0,0","1,1,1,1",
867,"Stade Bordelais",5,0,"0,0,0,0","1,1,1,1",
868,"Grenoble",5,0,"0,0,0,0","1,1,1,1",
869,"Rodez",5,0,"0,0,0,0","1,1,1,1",
870,"Red Star",5,0,"0,0,0,0","1,1,1,1",
871,"Dunkerque",5,0,"0,0,0,0","1,1,1,1",
872,"Cholet",5,0,"0,0,0,0","1,1,1,1",
873,"Entente",5,0,"0,0,0,0","1,1,1,1",
874,"Lyon la Duchere",5,0,"0,0,0,0","1,1,1,1",
875,"Pau",5,0,"0,0,0,0","1,1,1,1",
876,"Chambly",5,0,"0,0,0,0","1,1,1,1",
877,"Laval",5,0,"0,0,0,0","1,1,1,1",
878,"Marseille Consolat",5,0,"0,0,0,0","1,1,1,1",
879,"Beziers",5,0,"0,0,0,0","1,1,1,1",
880,"Creteil",5,0,"0,0,0,0","1,1,1,1",
881,"Concarneau",5,0,"0,0,0,0","1,1,1,1",
882,"Les Herbiers",5,0,"0,0,0,0","1,1,1,1",
883,"Boulogne",5,0,"0,0,0,0","1,1,1,1",
884,"Avranches",5,0,"0,0,0,0","1,1,1,1",
885,"Villefranche Beaujolais",5,0,"0,0,0,0","1,1,1,1",
886,"Andrezieux",5,0,"0,0,0,0","1,1,1,1",
887,"Annecy",5,0,"0,0,0,0","1,1,1,1",
888,"Lada SOK",6,0,"0,0,0,0","1,1,1,1",
889,"Kolomna",6,0,"0,0,0,0","1,1,1,1",
890,"Epinal",5,0,"0,0,0,0","1,1,1,1",
891,"Jura Sud",5,0,"0,0,0,0","1,1,1,1",
892,"Le Puy",5,0,"0,0,0,0","1,1,1,1",
893,"Saint Louis Neuweg",5,0,"0,0,0,0","1,1,1,1",
894,"St. Priest",5,0,"0,0,0,0","1,1,1,1",
895,"Schiltigheim",5,0,"0,0,0,0","1,1,1,1",
896,"Montceau",5,0,"0,0,0,0","1,1,1,1",
897,"Belfort",5,0,"0,0,0,0","1,1,1,1",
898,"Moulins Yzeure",5,0,"0,0,0,0","1,1,1,1",
899,"Monts Or Azergues",5,0,"0,0,0,0","1,1,1,1",
900,"Raon L Etape",5,0,"0,0,0,0","1,1,1,1",
901,"Fleury Merogis U.S",5,0,"0,0,0,0","1,1,1,1",
902,"Bastia Borgo",5,0,"0,0,0,0","1,1,1,1",
903,"Sainte Genevieve",5,0,"0,0,0,0","1,1,1,1",
904,"Sedan",5,0,"0,0,0,0","1,1,1,1",
905,"St Maur Lusitanos",5,0,"0,0,0,0","1,1,1,1",
906,"Drancy",5,0,"0,0,0,0","1,1,1,1",
907,"CSKA Moscow",6,1,"0,0,0,0","1,1,1,1",
908,"Viry Chatillon",5,0,"0,0,0,0","1,1,1,1",
909,"Arras",5,0,"0,0,0,0","1,1,1,1",
910,"Furiani Agliani",5,0,"0,0,0,0","1,1,1,1",
911,"Olimp Khimki",6,0,"0,0,0,0","1,1,1,1",
912,"Poissy",5,0,"0,0,0,0","1,1,1,1",
913,"Croix",5,0,"0,0,0,0","1,1,1,1",
914,"Beauvais",5,0,"0,0,0,0","1,1,1,1",
915,"Leningradets",6,0,"0,0,0,0","1,1,1,1",
916,"Dinamo Stavropol",6,0,"0,0,0,0","1,1,1,1",
917,"Le Mans",5,0,"0,0,0,0","1,1,1,1",
918,"Rodina",6,0,"0,0,0,0","1,1,1,1",
919,"Romorantin",5,0,"0,0,0,0","1,1,1,1",
920,"Limoges",5,0,"0,0,0,0","1,1,1,1",
921,"St. Malo",5,0,"0,0,0,0","1,1,1,1",
922,"Stade Briochin",5,0,"0,0,0,0","1,1,1,1",
923,"Chartres",5,0,"0,0,0,0","1,1,1,1",
924,"Boulogne Billancourt",5,0,"0,0,0,0","1,1,1,1",
925,"Vitre",5,0,"0,0,0,0","1,1,1,1",
926,"St Pryve St Hilaire",5,0,"0,0,0,0","1,1,1,1",
927,"Granvillaise",5,0,"0,0,0,0","1,1,1,1",
928,"Dolgoprudny",6,2,"0,0,0,0","1,1,1,1",
929,"Mantes",5,0,"0,0,0,0","1,1,1,1",
930,"Vendee Fontenay Foot",5,0,"0,0,0,0","1,1,1,1",
931,"Trelissac",5,0,"0,0,0,0","1,1,1,1",
932,"Makhachkala",6,0,"0,0,0,0","1,1,1,1",
933,"Amavir",6,2,"0,0,0,0","1,1,1,1",
934,"Tavagnacco",1,0,"0,0,0,0","1,1,1,1",
